username,firstName,lastName,password
bgrotty0,Belia,Grotty,123456
pofficer1,Poppy,Officer,123456
asinkins2,Augustin,Sinkins,123456
cleither3,Cosmo,Leither,123456
abartaletti4,Anthony,Bartaletti,123456
kroseblade5,Katey,Roseblade,123456
ceglise6,Cyndie,Eglise,123456
ikelland7,Isaac,Kelland,123456
senefer8,Sam,Enefer,123456
omolian9,Odele,Molian,123456
srolstonea,Siana,Rolstone,123456
apeplawb,Annice,Peplaw,123456
kchippc,Kevan,Chipp,123456
rmertind,Radcliffe,Mertin,123456
dtebbette,Dell,Tebbett,123456
